route,status
POST /api/auth/register,incomplete
POST /api/auth/login,incomplete
GET /api/auth/me,incomplete
GET /api/auth/verify,incomplete
PUT /api/auth/profile,incomplete
PUT /api/auth/password,incomplete
POST /api/auth/refresh,incomplete
POST /api/auth/logout,incomplete
GET /api/business/,incomplete
GET /api/business/:id,incomplete
POST /api/business/,incomplete
PUT /api/business/:id,incomplete
POST /api/business/:id/switch,incomplete
POST /api/business/:id/webhook/complete,incomplete
PUT /api/business/credentials/:id/credentials,incomplete
GET /api/business/credentials/:id/health,incomplete
GET /api/business/credentials/:id/usage,incomplete
POST /api/business/credentials/:id/regenerate-verify-token,incomplete
GET /api/business/profile/,incomplete
PUT /api/business/profile/,incomplete
POST /api/business/profile/password,incomplete
GET /api/business/profile/whatsapp,incomplete
PUT /api/business/profile/whatsapp,incomplete
POST /api/business/profile/avatar,incomplete
POST /api/business/:id/team,incomplete
PUT /api/business/:id/team/:userId,incomplete
DELETE /api/business/:id/team/:userId,incomplete
GET /api/business/verification/,incomplete
POST /api/business/verification/request,incomplete
GET /api/business/verification/requirements,incomplete
GET /api/business/:businessId/capabilities,incomplete
POST /api/business/:businessId/capabilities/sync,incomplete
PUT /api/business/:businessId/capabilities/payment,incomplete
GET /api/business/:businessId/capabilities/payment/config,incomplete
GET /api/business/location/,incomplete
PUT /api/business/location/,incomplete
DELETE /api/business/location/,incomplete
GET /api/business/business-profile,incomplete
PUT /api/business/business-profile,incomplete
POST /api/business/business-profile/photo,incomplete
GET /api/business/limits/account-limits,incomplete
GET /api/business/limits/messaging-limits,incomplete
GET /api/business/limits/quality-rating/history,incomplete
POST /api/business/limits/quality-rating/check,incomplete
GET /api/business/welcome-message,incomplete
PUT /api/business/welcome-message,incomplete
GET /api/business/welcome-message/templates,incomplete
POST /api/business/welcome-message/test,incomplete
GET /api/business/:businessId/working-hours,incomplete
PUT /api/business/:businessId/working-hours,incomplete
GET /api/business/:businessId/working-hours/status,incomplete
GET /api/business/alerts/,incomplete
GET /api/business/alerts/stats,incomplete
GET /api/business/alerts/:id,incomplete
PUT /api/business/alerts/:id,incomplete
PUT /api/business/alerts/bulk/mark-read,incomplete
POST /api/business/alerts/test,incomplete
GET /api/business/alert-actions/,incomplete
GET /api/business/alert-actions/stats,incomplete
GET /api/business/alert-actions/unresolved,incomplete
GET /api/business/health-alerts/alerts,incomplete
PATCH /api/business/health-alerts/alerts/:alertId/acknowledge,incomplete
GET /api/business/health-alerts/metrics,incomplete
POST /api/business/health-alerts/metrics/update,incomplete
GET /api/business/health-alerts/limits,incomplete
POST /api/business/health-alerts/quality/improve,incomplete
GET /api/business/health-monitoring/,incomplete
POST /api/business/health-monitoring/check,incomplete
GET /api/business/health-monitoring/history,incomplete
GET /api/business/health-monitoring/recommendations,incomplete
GET /api/business/rate-limits,incomplete
GET /api/business/admin/rate-limits,incomplete
GET /api/campaigns/,incomplete
GET /api/campaigns/:id,incomplete
POST /api/campaigns/,incomplete
PUT /api/campaigns/:id,incomplete
GET /api/campaigns/:id/recipients,incomplete
GET /api/campaigns/:id/stats,incomplete
GET /api/campaigns/:id/failed,incomplete
POST /api/campaigns/:id/retry,incomplete
POST /api/campaigns/:id/start,incomplete
POST /api/campaigns/:id/pause,incomplete
POST /api/campaigns/:id/resume,incomplete
POST /api/campaigns/:id/cancel,incomplete
GET /api/campaigns/flows/,incomplete
GET /api/campaigns/flows/:id,incomplete
POST /api/campaigns/flows/,incomplete
PUT /api/campaigns/flows/:id,incomplete
POST /api/campaigns/flows/:id/publish,incomplete
POST /api/campaigns/flows/:id/deprecate,incomplete
POST /api/campaigns/flows/:id/send,incomplete
GET /api/campaigns/flows/:id/responses,incomplete
GET /api/campaigns/flows/:id/analytics,incomplete
GET /api/campaigns/flows/stats/summary,incomplete
POST /api/scheduled-messages/scheduled-messages,incomplete
GET /api/scheduled-messages/,incomplete
GET /api/scheduled-messages/:id,incomplete
PUT /api/scheduled-messages/:id,incomplete
DELETE /api/scheduled-messages/:id,incomplete
GET /api/scheduled-messages/stats/summary,incomplete
POST /api/contacts/bulk/archive,incomplete
POST /api/contacts/bulk/unarchive,incomplete
POST /api/contacts/bulk/assign,incomplete
POST /api/contacts/bulk/unassign,incomplete
POST /api/contacts/bulk/status,incomplete
POST /api/contacts/bulk-tags/tags/add,incomplete
POST /api/contacts/bulk-tags/tags/remove,incomplete
POST /api/contacts/bulk-utility/validate,incomplete
GET /api/contacts/bulk-utility/stats,incomplete
POST /api/contacts/bulk-utility/export/metadata,incomplete
POST /api/contacts/deduplication/deduplicate,incomplete
POST /api/contacts/deduplication/:id/merge,incomplete
POST /api/contacts/deduplication/:id/unmark-duplicate,incomplete
GET /api/contacts/rate-limit/:phoneNumber/rate-limit,incomplete
GET /api/contacts/rate-limit/:phoneNumber/message-queue,incomplete
POST /api/contacts/rate-limit/:phoneNumber/rate-limit/check,incomplete
POST /api/contacts/rate-limit/:phoneNumber/rate-limit/increment,incomplete
GET /api/contacts/rate-limit/rate-limit/throttled,incomplete
GET /api/contacts/tag-analytics/suggestions,incomplete
GET /api/contacts/tag-analytics/analytics,incomplete
POST /api/contacts/tag-analytics/validate,incomplete
GET /api/contacts/tags/,incomplete
GET /api/contacts/tags/:tagName/conversations,incomplete
POST /api/contacts/tags/conversation/:conversationId/add,incomplete
POST /api/contacts/tags/conversation/:conversationId/remove,incomplete
PUT /api/contacts/tags/:oldTagName/rename,incomplete
POST /api/contacts/tags/merge,incomplete
GET /api/conversations/,incomplete
GET /api/conversations/stats,incomplete
GET /api/conversations/:id,incomplete
GET /api/conversations/:id/profile-history,incomplete
POST /api/conversations/:id/read,incomplete
POST /api/conversations/:id/status,incomplete
POST /api/conversations/:id/block,incomplete
POST /api/conversations/:id/unblock,incomplete
GET /api/messages/:id/messages,incomplete
POST /api/messages/:id/messages,incomplete
POST /api/messages/:id/messages/audio,incomplete
POST /api/messages/:id/messages/contact,incomplete
POST /api/messages/:id/messages/reply,incomplete
POST /api/messages/:id/messages/reaction,incomplete
POST /api/messages/:id/messages/button,incomplete
POST /api/messages/:id/messages/list,incomplete
POST /api/messages/:id/messages/cta,incomplete
POST /api/messages/:id/messages/location,incomplete
GET /api/messages/:id/window-status,incomplete
POST /api/messages/:id/extend-window,incomplete
GET /api/messages/saved-replies/,incomplete
GET /api/messages/saved-replies/:id,incomplete
POST /api/messages/saved-replies/,incomplete
PUT /api/messages/saved-replies/:id,incomplete
POST /api/messages/saved-replies/:id/use,incomplete
GET /api/messages/saved-replies/stats/popular,incomplete
GET /api/messages/failed,incomplete
POST /api/messages/:conversationId/retry/:messageId,incomplete
POST /api/messages/retry-bulk,incomplete
POST /api/messages/auto-retry,incomplete
POST /api/messages/validate,incomplete
GET /api/messages/compliance-rules,incomplete
GET /api/templates/,incomplete
GET /api/templates/:id,incomplete
POST /api/templates/,incomplete
PUT /api/templates/:id,incomplete
DELETE /api/templates/:id,incomplete
GET /api/templates/stats,incomplete
GET /api/templates/analytics,incomplete
POST /api/templates/draft,incomplete
GET /api/templates/:id/status,incomplete
POST /api/templates/:id/submit,incomplete
GET /api/templates/namespaces/business/:businessId,incomplete
GET /api/templates/namespaces/:namespace/business/:businessId,incomplete
PUT /api/templates/:templateId/namespace,incomplete
DELETE /api/templates/:templateId/namespace,incomplete
POST /api/templates/namespaces/bulk-update,incomplete
POST /api/templates/namespaces/sync/:businessId,incomplete
GET /api/templates/namespaces/stats/:businessId,incomplete
GET /api/templates/:id/rejections,incomplete
POST /api/templates/:id/analyze,incomplete
GET /api/templates/rejection-patterns,incomplete
GET /api/analytics/export/conversations,incomplete
GET /api/analytics/export/contacts,incomplete
GET /api/analytics/reactions/,incomplete
GET /api/analytics/reactions/summary,incomplete
GET /api/analytics/reactions/trends,incomplete
GET /api/analytics/quality/ratings,incomplete
GET /api/analytics/quality/trends,incomplete
GET /api/analytics/quality/insights,incomplete
GET /api/analytics/audit-logs,incomplete
GET /api/analytics/audit-logs/export,incomplete
GET /api/analytics/spending/overview,incomplete
GET /api/analytics/spending/breakdown,incomplete
GET /api/analytics/spending/trends,incomplete
GET /api/analytics/dashboard,incomplete
GET /api/analytics/overview,incomplete
GET /api/analytics/performance,incomplete
GET /api/webhooks/whatsapp,incomplete
POST /api/webhooks/whatsapp,incomplete
GET /api/webhooks/health,incomplete
GET /api/webhooks/stats,incomplete
POST /api/media/upload,incomplete
GET /api/config/webhook-url,incomplete
GET /api/config/info,incomplete
GET /api/search/messages,incomplete
GET /api/search/conversations,incomplete
GET /api/search/combined,incomplete
POST /api/automations/flows/:flowId/publish,incomplete
POST /api/automations/flows/:flowId/validate,incomplete
PUT /api/automations/flows/:flowId/unpublish,incomplete
GET /api/automations/flows/:flowId/preview,incomplete
GET /api/automations/flows/:flowId/analytics/completion,incomplete
GET /api/automations/flows/:flowId/analytics/abandonment,incomplete
GET /api/automations/flows/:flowId/analytics/performance,incomplete
GET /api/automations/flows/:flowId/analytics/trends,incomplete
GET /api/automations/flows/business/:businessId/analytics,incomplete
POST /api/automations/flows/data-endpoint,incomplete
GET /api/automations/flows/:flowId/data-endpoint,incomplete
PUT /api/automations/flows/:flowId/data-endpoint,incomplete
DELETE /api/automations/flows/:flowId/data-endpoint,incomplete
POST /api/automations/flows/:flowId/data-endpoint/test,incomplete
